{"value": 0.25000000000000006, "bipolar": 1.2246467991473532e-16}