{"luminance": 0.499712198972702, "amplitude": 0.499712198972702}