{"luminance": 0.5525264143943787, "amplitude": 0.5525264143943787}