{"value": 0.9755282581475768, "bipolar": 0.9510565162951535}