{"value": 0.5000000000000001, "bipolar": 1.2246467991473532e-16}