{"value": 1.5879913596663269, "bipolar": 0.5877852522924731}