{"value": 0.37500000000000006, "bipolar": 1.2246467991473532e-16}