{"luminance": 0.511800229549408, "amplitude": 0.511800229549408}