{"luminance": 0.5594937801361084, "amplitude": 0.5594937801361084}