{"luminance": 0.4667862355709076, "amplitude": 0.4667862355709076}