{"luminance": 0.5744332671165466, "amplitude": 0.5744332671165466}