{"luminance": 0.4819864332675934, "amplitude": 0.4819864332675934}