{"value": 3.0000000000000004, "bipolar": 1.2246467991473532e-16}